"","name","key","decimalLatitude","decimalLongitude","issues"
"1","Deguelia costata",1503030291,-19.617222,-43.968333,"gass84"
"2","Deguelia costata",1226944150,-21.600003,-41.580006,"gass84"
"3","Deguelia costata",1094924449,-19.651389,-40.846111,"gass84"
"4","Deguelia costata",1424470544,-19.651389,-40.846111,"cdround,gass84,muluriiv,rdatm"
"5","Deguelia costata",1096932347,-19.231514,-40.356078,"gass84"
"6","Deguelia costata",1090630446,-18.990849,-43.780888,"gass84,iddatunl"
"7","Deguelia costata",1090630433,-18.929398,-43.807824,"gass84,iddatunl"
"8","Deguelia costata",1090630448,-19.009766,-43.778144,"gass84,iddatunl"
"9","Deguelia costata",1424238577,-18.776944,-40.443889,"cdround,gass84"
"10","Deguelia costata",1123816789,-18.776944,-40.443889,"gass84"
"11","Deguelia costata",1094896720,-18.776944,-40.443889,"gass84"
"12","Deguelia costata",1413713361,-21.583056,-41.318056,"gass84"
"13","Deguelia costata",1424239682,-21.583056,-41.318056,"cdround,gass84,rdatm"
"14","Deguelia costata",1424239623,-21.583056,-41.318056,"cdround,gass84,rdatm"
"15","Deguelia costata",1087649708,-21.583056,-41.330556,"gass84"
"16","Deguelia costata",1123824199,-18.313889,-40.479722,"gass84"
"17","Deguelia costata",1097221569,-21.5831,-41.3181,"gass84,iddatunl"
"18","Deguelia costata",1413713358,-21.583056,-41.318056,"gass84,iddatunl"
"19","Deguelia costata",1094915229,-19.846944,-40.907222,"gass84,iddatunl"
"20","Deguelia costata",1424258640,-18.7825,-40.432778,"cdround,gass84"
"21","Deguelia costata",1424206120,-19.944444,-40.269444,"cdround,gass84,iddatunl,rdatm"
"22","Deguelia costata",1424286616,-19.310833,-40.5375,"cdround,gass84"
"23","Deguelia costata",1424295471,-18.906944,-40.734722,"cdround,gass84"
"24","Deguelia costata",1094812147,-20.382778,-45.649444,"gass84,iddatunl"
"25","Deguelia costata",1087630059,-19.736389,-41.818889,"gass84"
"26","Deguelia costata",1087630237,-19.736389,-41.818889,"gass84"
"27","Deguelia costata",1097636634,-16.0093333273577,-41.2969350365029,"cdrep"
"28","Deguelia costata",1426768415,-17.0742,-41.4844,"gass84"
"29","Deguelia costata",1423991604,-22.75,-47.5,"gass84,rdatm"
"30","Deguelia costata",1051228225,-19.83,-41.83,"gass84"
