"","name","key","decimalLatitude","decimalLongitude","issues"
"1","Ficus pulchella",1135945867,-24.110555,-47.204722,"gass84"
"2","Ficus pulchella",1261009606,-1.06666,-77.51666,"gass84,iddatunl"
"3","Ficus pulchella",1261012047,-0.81666,-77.58333,"gass84,iddatunl"
"4","Ficus pulchella",912375552,-9.6,-55.94,"gass84"
"5","Ficus pulchella",1213516287,-19.411222,-43.422472,"gass84"
"6","Ficus pulchella",1090627606,-9.3601,-55.5614,"gass84"
"7","Ficus pulchella",1090576148,-23.380723,-45.079445,"gass84"
"8","Ficus pulchella",1123813781,-18.875556,-40.814444,"gass84"
"9","Ficus pulchella",1087032636,-22.261389,-41.620278,"gass84"
"10","Ficus pulchella",1094822189,-12.318333,-40.491111,"gass84,iddatunl"
"11","Ficus pulchella",1094822864,-12.421111,-40.536944,"gass84,iddatunl"
"12","Ficus pulchella",1123815499,-19.351944,-40.514167,"gass84"
"13","Ficus pulchella",1455973721,6.34478,-60.5748,"gass84"
"14","Ficus pulchella",1097569516,-12.3322,-40.4825,"gass84,iddatunl"
"15","Ficus pulchella",1087239594,-14.7,-39.183333,"gass84"
"16","Ficus pulchella",1087028529,-19.19675,-40.015583,"gass84,iddatunl"
"17","Ficus pulchella",1123797287,-20.100556,-40.529444,"gass84"
"18","Ficus pulchella",1456437014,5.79694,-61.0658,"gass84"
"19","Ficus pulchella",1098044621,-15.15,-39.08,"gass84,iddatunl"
"20","Ficus pulchella",1090580471,-24.32,-46.9983,"gass84"
"21","Ficus pulchella",1261430582,-1.06666,-77.6,"gass84,iddatunl"
"22","Ficus pulchella",1261427654,-1.06666,-77.6,"gass84,iddatunl"
"23","Ficus pulchella",1261424053,-0.75,-77.48333,"gass84,iddatunl"
"24","Ficus pulchella",1259331484,-15.5,-66.25,"gass84,iddatunl"
"25","Ficus pulchella",1261429556,-1.06666,-77.6,"gass84,iddatunl"
"26","Ficus pulchella",1261421983,-1.06666,-77.61666,"gass84,iddatunl"
"27","Ficus pulchella",1261426092,-1.06666,-77.6,"gass84,iddatunl"
"28","Ficus pulchella",1098130740,-19.67,-41.83,"gass84"
"29","Ficus pulchella",1261430856,-10.75,-74.38333,"gass84,iddatunl"
"30","Ficus pulchella",1261430752,-10.75,-74.38333,"gass84,iddatunl"
"31","Ficus pulchella",1097116063,-22.9069598238154,-43.2076685470805,"cdrep"
"32","Ficus pulchella",1097693113,-26.9120047872851,-48.6622616743931,"cdrep,iddatunl"
"33","Ficus pulchella",1097664927,-26.9120047872851,-48.6622616743931,"cdrep,iddatunl"
"34","Ficus pulchella",1094924771,-12.166667,-37.966667,"gass84"
"35","Ficus pulchella",1097336601,-1.284992,-48.455522,"cdround,rdativ"
"36","Ficus pulchella",1098402860,-2.550163,-44.24243,"rdativ"
