"","X","name","key","decimalLatitude","decimalLongitude","issues","cells","bio1","bio2","bio3","bio4","bio5","bio6","bio7","bio8","bio9","bio10","bio11","bio12","bio13","bio14","bio15","bio16","bio17","bio18","bio19"
"1",1,"Beilschmiedia angustifolia",1252620245,-22.588056,-43.468333,"gass84",23348557,183,100,59,2045,262,95,167,208,156,209,156,1729,278,42,58,776,144,708,144
"2",3,"Beilschmiedia angustifolia",1424273521,-22.433333,-42.833333,"cdround,gass84",23314013,220,101,59,2218,303,132,171,246,191,248,191,1499,246,34,59,665,116,610,116
"3",4,"Beilschmiedia angustifolia",1055604890,-10.773109,-53.08982,"gass84",20894566,256,143,69,674,358,152,206,256,247,262,246,2243,376,3,75,1081,28,590,52
"4",5,"Beilschmiedia angustifolia",1228524756,-10.8339,-52.8731,"gass84",20911852,254,141,69,663,353,151,202,255,245,260,244,2144,354,3,75,1028,28,559,54
