"","X","name","key","decimalLatitude","decimalLongitude","issues","cells","bio1","bio2","bio3","bio4","bio5","bio6","bio7","bio8","bio9","bio10","bio11","bio12","bio13","bio14","bio15","bio16","bio17","bio18","bio19"
"1",1,"Beilschmiedia fluminensis",1123802522,-19.9075,-40.553056,"gass84",22787027,200,100,64,1637,277,121,156,214,180,221,179,1320,207,41,51,589,149,416,157
"2",2,"Beilschmiedia fluminensis",1123792761,-19.922222,-40.589167,"gass84",22795666,205,101,64,1671,283,126,157,220,185,226,183,1301,207,39,52,585,143,411,153
"3",3,"Beilschmiedia fluminensis",1228541593,-10.8339,-52.8731,"gass84",20911852,254,141,69,663,353,151,202,255,245,260,244,2144,354,3,75,1028,28,559,54
"4",4,"Beilschmiedia fluminensis",1097768827,-22.9069598238154,-43.2076685470805,"cdrep",23409044,233,73,55,1932,300,169,131,259,209,259,209,1246,146,53,35,437,165,437,165
