"","X","name","key","decimalLatitude","decimalLongitude","issues","cells","bio1","bio2","bio3","bio4","bio5","bio6","bio7","bio8","bio9","bio10","bio11","bio12","bio13","bio14","bio15","bio16","bio17","bio18","bio19"
"1",1,"Roupala gracilis",1423930098,-22.965,-43.256667,"cdround,gass84",23426322,212,89,57,2047,288,134,154,237,187,240,187,1529,206,56,41,586,183,557,183
"2",4,"Roupala gracilis",1424422101,-23.035,-44.301667,"cdround,gass84,rdatm",23434937,231,84,57,1961,307,160,147,255,207,257,207,1776,257,63,46,718,195,684,195
"3",5,"Roupala gracilis",1228184218,-10.8339,-52.8731,"gass84",20911852,254,141,69,663,353,151,202,255,245,260,244,2144,354,3,75,1028,28,559,54
