"","X","name","key","decimalLatitude","decimalLongitude","issues","cells","bio1","bio2","bio3","bio4","bio5","bio6","bio7","bio8","bio9","bio10","bio11","bio12","bio13","bio14","bio15","bio16","bio17","bio18","bio19"
"1",1,"Stephanopodium estrellense",1090580588,-23.4339,-45.0711,"gass84,txmatfuz",23521319,225,94,55,2284,306,136,170,253,196,255,196,2525,334,84,44,978,280,948,280
"2",2,"Stephanopodium estrellense",1090699126,-23.335833,-44.848611,"gass84",23504044,226,96,57,2191,305,138,167,252,198,255,198,2405,305,95,41,911,296,902,296
"3",5,"Stephanopodium estrellense",1098358645,-22.763257238817,-43.4509851508395,"cdrep",23383118,231,95,58,2084,313,150,163,260,206,260,206,1440,204,44,46,569,147,569,147
"4",6,"Stephanopodium estrellense",1424433805,-23.016667,-44.05,"cdround,gass84,rdatm",23434943,235,82,59,1870,306,169,137,258,213,260,213,1513,209,58,41,571,175,538,175
"5",7,"Stephanopodium estrellense",1144772701,-10.77306,-53.08972,"gass84,rdativ",20894566,256,143,69,674,358,152,206,256,247,262,246,2243,376,3,75,1081,28,590,52
"6",8,"Stephanopodium estrellense",1228363714,-10.8339,-52.8731,"gass84",20911852,254,141,69,663,353,151,202,255,245,260,244,2144,354,3,75,1028,28,559,54
